TestCaseID,MonthTalkTime,YearUnpaidNum,ExpectedOutput,ActualOutput,Correctness,Time,TesterName
0,0,0,25.0,25.0,True,2021-05-10 16:44:27,Spidey Sandwich
1,1,0,25.1485,25.1485,True,2021-05-10 16:44:27,Spidey Sandwich
2,2,0,25.297,25.297,True,2021-05-10 16:44:27,Spidey Sandwich
3,22320,0,3272.56,3272.56,True,2021-05-10 16:44:27,Spidey Sandwich
4,44639,0,6519.9745,6519.9745,True,2021-05-10 16:44:27,Spidey Sandwich
5,44640,0,6520.12,6520.12,True,2021-05-10 16:44:27,Spidey Sandwich
6,44641,0,error,error,True,2021-05-10 16:44:27,Spidey Sandwich
7,60,-1,error,error,True,2021-05-10 16:44:27,Spidey Sandwich
8,60,1,33.91,33.91,True,2021-05-10 16:44:27,Spidey Sandwich
9,60,2,34.0,34.0,True,2021-05-10 16:44:27,Spidey Sandwich
10,60,3,34.0,34.0,True,2021-05-10 16:44:27,Spidey Sandwich
11,61,0,34.01275,34.01275,True,2021-05-10 16:44:27,Spidey Sandwich
12,61,-1,error,error,True,2021-05-10 16:44:27,Spidey Sandwich
13,61,2,34.01275,34.01275,True,2021-05-10 16:44:27,Spidey Sandwich
14,61,3,34.15,34.15,True,2021-05-10 16:44:27,Spidey Sandwich
15,120,0,42.73,42.73,True,2021-05-10 16:44:27,Spidey Sandwich
16,120,1,42.73,42.73,True,2021-05-10 16:44:27,Spidey Sandwich
17,120,2,42.73,42.73,True,2021-05-10 16:44:27,Spidey Sandwich
18,120,3,43.0,43.0,True,2021-05-10 16:44:27,Spidey Sandwich
19,121,-1,error,error,True,2021-05-10 16:44:27,Spidey Sandwich
20,121,0,42.787,42.787,True,2021-05-10 16:44:27,Spidey Sandwich
21,121,3,42.787,42.787,True,2021-05-10 16:44:27,Spidey Sandwich
22,121,4,43.15,43.15,True,2021-05-10 16:44:27,Spidey Sandwich
23,180,0,51.46,51.46,True,2021-05-10 16:44:27,Spidey Sandwich
24,180,1,51.46,51.46,True,2021-05-10 16:44:27,Spidey Sandwich
25,180,3,51.46,51.46,True,2021-05-10 16:44:27,Spidey Sandwich
26,180,4,52.0,52.0,True,2021-05-10 16:44:27,Spidey Sandwich
27,181,0,51.47125,51.47125,True,2021-05-10 16:44:27,Spidey Sandwich
28,181,-1,error,error,True,2021-05-10 16:44:27,Spidey Sandwich
29,181,3,51.47125,51.47125,True,2021-05-10 16:44:27,Spidey Sandwich
30,181,4,52.15,52.15,True,2021-05-10 16:44:27,Spidey Sandwich
31,300,0,68.875,68.875,True,2021-05-10 16:44:27,Spidey Sandwich
32,300,3,68.875,68.875,True,2021-05-10 16:44:27,Spidey Sandwich
33,300,6,70.0,70.0,True,2021-05-10 16:44:27,Spidey Sandwich
34,300,7,70.0,70.0,True,2021-05-10 16:44:27,Spidey Sandwich
35,301,0,68.7955,68.7955,True,2021-05-10 16:44:27,Spidey Sandwich
36,301,-1,error,error,True,2021-05-10 16:44:27,Spidey Sandwich
37,301,6,68.7955,68.7955,True,2021-05-10 16:44:27,Spidey Sandwich
38,301,7,70.15,70.15,True,2021-05-10 16:44:27,Spidey Sandwich
39,-1,0,error,error,True,2021-05-10 16:44:27,Spidey Sandwich
40,1,11,25.15,25.15,True,2021-05-10 16:44:27,Spidey Sandwich
41,1,12,error,error,True,2021-05-10 16:44:27,Spidey Sandwich
